[{"model": "admin.logentry", "pk": 1, "fields": {"action_time": "2023-11-03T19:12:19.196Z", "user": 1, "content_type": 6, "object_id": "1", "object_repr": "Star Gazer", "action_flag": 1, "change_message": "[{\"added\": {}}]"}}, {"model": "admin.logentry", "pk": 2, "fields": {"action_time": "2023-11-03T19:23:19.702Z", "user": 1, "content_type": 10, "object_id": "1", "object_repr": "Exoplanets", "action_flag": 1, "change_message": "[{\"added\": {}}]"}}, {"model": "admin.logentry", "pk": 3, "fields": {"action_time": "2023-11-03T19:23:31.711Z", "user": 1, "content_type": 10, "object_id": "2", "object_repr": "Galaxies", "action_flag": 1, "change_message": "[{\"added\": {}}]"}}, {"model": "admin.logentry", "pk": 4, "fields": {"action_time": "2023-11-03T19:23:46.164Z", "user": 1, "content_type": 10, "object_id": "3", "object_repr": "Life and Death of Stars", "action_flag": 1, "change_message": "[{\"added\": {}}]"}}, {"model": "admin.logentry", "pk": 5, "fields": {"action_time": "2023-11-03T19:24:12.424Z", "user": 1, "content_type": 10, "object_id": "4", "object_repr": "History and Origin of the Universe", "action_flag": 1, "change_message": "[{\"added\": {}}]"}}, {"model": "admin.logentry", "pk": 6, "fields": {"action_time": "2023-11-03T19:27:35.329Z", "user": 1, "content_type": 10, "object_id": "4", "object_repr": "History and Origin of the Universe", "action_flag": 3, "change_message": ""}}, {"model": "admin.logentry", "pk": 7, "fields": {"action_time": "2023-11-03T19:27:35.688Z", "user": 1, "content_type": 10, "object_id": "3", "object_repr": "Life and Death of Stars", "action_flag": 3, "change_message": ""}}, {"model": "admin.logentry", "pk": 8, "fields": {"action_time": "2023-11-03T19:27:35.810Z", "user": 1, "content_type": 10, "object_id": "2", "object_repr": "Galaxies", "action_flag": 3, "change_message": ""}}, {"model": "admin.logentry", "pk": 9, "fields": {"action_time": "2023-11-03T19:27:36.001Z", "user": 1, "content_type": 10, "object_id": "1", "object_repr": "Exoplanets", "action_flag": 3, "change_message": ""}}, {"model": "admin.logentry", "pk": 10, "fields": {"action_time": "2023-11-03T19:27:41.391Z", "user": 1, "content_type": 10, "object_id": "5", "object_repr": "Auroras", "action_flag": 1, "change_message": "[{\"added\": {}}]"}}, {"model": "admin.logentry", "pk": 11, "fields": {"action_time": "2023-11-03T19:27:48.572Z", "user": 1, "content_type": 10, "object_id": "6", "object_repr": "Asteroids", "action_flag": 1, "change_message": "[{\"added\": {}}]"}}, {"model": "admin.logentry", "pk": 12, "fields": {"action_time": "2023-11-03T19:27:58.514Z", "user": 1, "content_type": 10, "object_id": "7", "object_repr": "Black holes", "action_flag": 1, "change_message": "[{\"added\": {}}]"}}, {"model": "admin.logentry", "pk": 13, "fields": {"action_time": "2023-11-03T19:28:06.915Z", "user": 1, "content_type": 10, "object_id": "8", "object_repr": "Comets", "action_flag": 1, "change_message": "[{\"added\": {}}]"}}, {"model": "admin.logentry", "pk": 14, "fields": {"action_time": "2023-11-03T19:28:36.172Z", "user": 1, "content_type": 10, "object_id": "9", "object_repr": "Dwarf galaxies", "action_flag": 1, "change_message": "[{\"added\": {}}]"}}, {"model": "admin.logentry", "pk": 15, "fields": {"action_time": "2023-11-03T19:28:43.847Z", "user": 1, "content_type": 10, "object_id": "10", "object_repr": "Earth-size planets", "action_flag": 1, "change_message": "[{\"added\": {}}]"}}, {"model": "admin.logentry", "pk": 16, "fields": {"action_time": "2023-11-03T19:28:52.435Z", "user": 1, "content_type": 10, "object_id": "11", "object_repr": "Gravitational lensing", "action_flag": 1, "change_message": "[{\"added\": {}}]"}}, {"model": "admin.logentry", "pk": 17, "fields": {"action_time": "2023-11-03T19:29:23.748Z", "user": 1, "content_type": 10, "object_id": "12", "object_repr": "Mars water", "action_flag": 1, "change_message": "[{\"added\": {}}]"}}, {"model": "admin.logentry", "pk": 18, "fields": {"action_time": "2023-11-03T19:29:37.493Z", "user": 1, "content_type": 10, "object_id": "13", "object_repr": "Quasars", "action_flag": 1, "change_message": "[{\"added\": {}}]"}}, {"model": "admin.logentry", "pk": 19, "fields": {"action_time": "2023-11-03T19:41:34.542Z", "user": 1, "content_type": 6, "object_id": "2", "object_repr": "The Hot and Energetic Universe", "action_flag": 1, "change_message": "[{\"added\": {}}]"}}, {"model": "admin.logentry", "pk": 20, "fields": {"action_time": "2023-11-03T19:44:18.728Z", "user": 1, "content_type": 6, "object_id": "3", "object_repr": "Fragile Planet", "action_flag": 1, "change_message": "[{\"added\": {}}]"}}, {"model": "admin.logentry", "pk": 21, "fields": {"action_time": "2023-11-03T19:45:45.488Z", "user": 1, "content_type": 6, "object_id": "4", "object_repr": "Earthquake: Evidence of a Restless Planet", "action_flag": 1, "change_message": "[{\"added\": {}}]"}}, {"model": "admin.logentry", "pk": 22, "fields": {"action_time": "2023-11-03T19:47:45.849Z", "user": 1, "content_type": 6, "object_id": "5", "object_repr": "Cosmic Recipe: Setting the Periodic Table", "action_flag": 1, "change_message": "[{\"added\": {}}]"}}, {"model": "admin.logentry", "pk": 23, "fields": {"action_time": "2023-11-03T19:49:04.502Z", "user": 1, "content_type": 6, "object_id": "6", "object_repr": "Constellations! Adventures Connecting Earth & Sky", "action_flag": 1, "change_message": "[{\"added\": {}}]"}}, {"model": "admin.logentry", "pk": 24, "fields": {"action_time": "2023-11-03T19:50:08.547Z", "user": 1, "content_type": 6, "object_id": "7", "object_repr": "8 Scoops of the Milky Way", "action_flag": 1, "change_message": "[{\"added\": {}}]"}}, {"model": "admin.logentry", "pk": 25, "fields": {"action_time": "2023-11-03T19:51:24.560Z", "user": 1, "content_type": 6, "object_id": "8", "object_repr": "Enigma", "action_flag": 1, "change_message": "[{\"added\": {}}]"}}, {"model": "admin.logentry", "pk": 26, "fields": {"action_time": "2023-11-03T19:51:47.147Z", "user": 1, "content_type": 6, "object_id": "9", "object_repr": "Pursuing the Dwarfs", "action_flag": 1, "change_message": "[{\"added\": {}}]"}}, {"model": "admin.logentry", "pk": 27, "fields": {"action_time": "2023-11-03T19:52:03.018Z", "user": 1, "content_type": 6, "object_id": "1", "object_repr": "Star Gazer", "action_flag": 3, "change_message": ""}}, {"model": "admin.logentry", "pk": 28, "fields": {"action_time": "2023-11-03T19:54:00.677Z", "user": 1, "content_type": 7, "object_id": "1", "object_repr": "Oleksiy", "action_flag": 1, "change_message": "[{\"added\": {}}]"}}, {"model": "admin.logentry", "pk": 29, "fields": {"action_time": "2023-11-03T19:54:14.725Z", "user": 1, "content_type": 7, "object_id": "2", "object_repr": "Mykola", "action_flag": 1, "change_message": "[{\"added\": {}}]"}}, {"model": "admin.logentry", "pk": 30, "fields": {"action_time": "2023-11-03T19:54:26.920Z", "user": 1, "content_type": 7, "object_id": "3", "object_repr": "Olena", "action_flag": 1, "change_message": "[{\"added\": {}}]"}}, {"model": "admin.logentry", "pk": 31, "fields": {"action_time": "2023-11-03T19:54:36.811Z", "user": 1, "content_type": 7, "object_id": "4", "object_repr": "Oleksandr", "action_flag": 1, "change_message": "[{\"added\": {}}]"}}, {"model": "admin.logentry", "pk": 32, "fields": {"action_time": "2023-11-03T19:55:14.012Z", "user": 1, "content_type": 7, "object_id": "5", "object_repr": "Volodymyr", "action_flag": 1, "change_message": "[{\"added\": {}}]"}}, {"model": "admin.logentry", "pk": 33, "fields": {"action_time": "2023-11-03T19:55:27.808Z", "user": 1, "content_type": 7, "object_id": "6", "object_repr": "Andriy", "action_flag": 1, "change_message": "[{\"added\": {}}]"}}, {"model": "admin.logentry", "pk": 34, "fields": {"action_time": "2023-11-03T19:56:03.560Z", "user": 1, "content_type": 7, "object_id": "7", "object_repr": "Irina", "action_flag": 1, "change_message": "[{\"added\": {}}]"}}, {"model": "admin.logentry", "pk": 35, "fields": {"action_time": "2023-11-03T19:56:20.874Z", "user": 1, "content_type": 7, "object_id": "8", "object_repr": "Valeriya", "action_flag": 1, "change_message": "[{\"added\": {}}]"}}, {"model": "admin.logentry", "pk": 36, "fields": {"action_time": "2023-11-03T19:56:35.805Z", "user": 1, "content_type": 8, "object_id": "1", "object_repr": "2023-11-03 19:56:35.804386+00:00", "action_flag": 1, "change_message": "[{\"added\": {}}]"}}, {"model": "admin.logentry", "pk": 37, "fields": {"action_time": "2023-11-03T19:57:22.982Z", "user": 1, "content_type": 12, "object_id": "2", "object_repr": "newadmin@newadmin.com", "action_flag": 1, "change_message": "[{\"added\": {}}]"}}, {"model": "admin.logentry", "pk": 38, "fields": {"action_time": "2023-11-03T19:58:19.912Z", "user": 1, "content_type": 12, "object_id": "3", "object_repr": "user@user.com", "action_flag": 1, "change_message": "[{\"added\": {}}]"}}, {"model": "admin.logentry", "pk": 39, "fields": {"action_time": "2023-11-03T19:58:25.592Z", "user": 1, "content_type": 8, "object_id": "2", "object_repr": "2023-11-03 19:58:25.591827+00:00", "action_flag": 1, "change_message": "[{\"added\": {}}]"}}, {"model": "admin.logentry", "pk": 40, "fields": {"action_time": "2023-11-03T19:58:29.118Z", "user": 1, "content_type": 8, "object_id": "3", "object_repr": "2023-11-03 19:58:29.116775+00:00", "action_flag": 1, "change_message": "[{\"added\": {}}]"}}, {"model": "admin.logentry", "pk": 41, "fields": {"action_time": "2023-11-03T19:58:50.948Z", "user": 1, "content_type": 9, "object_id": "1", "object_repr": "8 Scoops of the Milky Way 2023-11-03 19:58:50.946547+00:00", "action_flag": 1, "change_message": "[{\"added\": {}}]"}}, {"model": "admin.logentry", "pk": 42, "fields": {"action_time": "2023-11-03T19:59:14.741Z", "user": 1, "content_type": 9, "object_id": "1", "object_repr": "8 Scoops of the Milky Way 2023-11-03 19:58:50.946547+00:00", "action_flag": 3, "change_message": ""}}, {"model": "admin.logentry", "pk": 43, "fields": {"action_time": "2023-11-03T20:00:50.658Z", "user": 1, "content_type": 7, "object_id": "8", "object_repr": "Valeriya", "action_flag": 3, "change_message": ""}}, {"model": "admin.logentry", "pk": 44, "fields": {"action_time": "2023-11-03T20:00:50.858Z", "user": 1, "content_type": 7, "object_id": "7", "object_repr": "Irina", "action_flag": 3, "change_message": ""}}, {"model": "admin.logentry", "pk": 45, "fields": {"action_time": "2023-11-03T20:00:51.091Z", "user": 1, "content_type": 7, "object_id": "6", "object_repr": "Andriy", "action_flag": 3, "change_message": ""}}, {"model": "admin.logentry", "pk": 46, "fields": {"action_time": "2023-11-03T20:00:51.472Z", "user": 1, "content_type": 7, "object_id": "5", "object_repr": "Volodymyr", "action_flag": 3, "change_message": ""}}, {"model": "admin.logentry", "pk": 47, "fields": {"action_time": "2023-11-03T20:00:51.669Z", "user": 1, "content_type": 7, "object_id": "4", "object_repr": "Oleksandr", "action_flag": 3, "change_message": ""}}, {"model": "admin.logentry", "pk": 48, "fields": {"action_time": "2023-11-03T20:00:51.791Z", "user": 1, "content_type": 7, "object_id": "3", "object_repr": "Olena", "action_flag": 3, "change_message": ""}}, {"model": "admin.logentry", "pk": 49, "fields": {"action_time": "2023-11-03T20:00:51.901Z", "user": 1, "content_type": 7, "object_id": "2", "object_repr": "Mykola", "action_flag": 3, "change_message": ""}}, {"model": "admin.logentry", "pk": 50, "fields": {"action_time": "2023-11-03T20:00:52.226Z", "user": 1, "content_type": 7, "object_id": "1", "object_repr": "Oleksiy", "action_flag": 3, "change_message": ""}}, {"model": "admin.logentry", "pk": 51, "fields": {"action_time": "2023-11-03T20:01:58.612Z", "user": 1, "content_type": 7, "object_id": "9", "object_repr": "Oleksandr", "action_flag": 1, "change_message": "[{\"added\": {}}]"}}, {"model": "admin.logentry", "pk": 52, "fields": {"action_time": "2023-11-03T20:02:07.461Z", "user": 1, "content_type": 7, "object_id": "10", "object_repr": "Oleksiy", "action_flag": 1, "change_message": "[{\"added\": {}}]"}}, {"model": "admin.logentry", "pk": 53, "fields": {"action_time": "2023-11-03T20:02:16.866Z", "user": 1, "content_type": 7, "object_id": "11", "object_repr": "Olena", "action_flag": 1, "change_message": "[{\"added\": {}}]"}}, {"model": "admin.logentry", "pk": 54, "fields": {"action_time": "2023-11-03T20:02:25.475Z", "user": 1, "content_type": 7, "object_id": "12", "object_repr": "Andriy", "action_flag": 1, "change_message": "[{\"added\": {}}]"}}, {"model": "admin.logentry", "pk": 55, "fields": {"action_time": "2023-11-03T20:02:36.085Z", "user": 1, "content_type": 7, "object_id": "13", "object_repr": "Mykola", "action_flag": 1, "change_message": "[{\"added\": {}}]"}}, {"model": "admin.logentry", "pk": 56, "fields": {"action_time": "2023-11-03T20:02:48.177Z", "user": 1, "content_type": 7, "object_id": "14", "object_repr": "Valeriya", "action_flag": 1, "change_message": "[{\"added\": {}}]"}}, {"model": "admin.logentry", "pk": 57, "fields": {"action_time": "2023-11-03T20:02:54.720Z", "user": 1, "content_type": 7, "object_id": "15", "object_repr": "Volodymyr", "action_flag": 1, "change_message": "[{\"added\": {}}]"}}, {"model": "admin.logentry", "pk": 58, "fields": {"action_time": "2023-11-03T20:03:15.471Z", "user": 1, "content_type": 7, "object_id": "16", "object_repr": "Valentyn", "action_flag": 1, "change_message": "[{\"added\": {}}]"}}, {"model": "admin.logentry", "pk": 59, "fields": {"action_time": "2023-11-03T20:03:26.509Z", "user": 1, "content_type": 9, "object_id": "2", "object_repr": "8 Scoops of the Milky Way 2023-11-03 20:03:26.507039+00:00", "action_flag": 1, "change_message": "[{\"added\": {}}]"}}, {"model": "admin.logentry", "pk": 60, "fields": {"action_time": "2023-11-03T20:03:32.329Z", "user": 1, "content_type": 9, "object_id": "3", "object_repr": "Constellations! Adventures Connecting Earth & Sky 2023-11-03 20:03:32.328278+00:00", "action_flag": 1, "change_message": "[{\"added\": {}}]"}}, {"model": "admin.logentry", "pk": 61, "fields": {"action_time": "2023-11-03T20:03:37.792Z", "user": 1, "content_type": 9, "object_id": "4", "object_repr": "Cosmic Recipe: Setting the Periodic Table 2023-11-03 20:03:37.791471+00:00", "action_flag": 1, "change_message": "[{\"added\": {}}]"}}, {"model": "admin.logentry", "pk": 62, "fields": {"action_time": "2023-11-03T20:03:44.627Z", "user": 1, "content_type": 9, "object_id": "5", "object_repr": "Earthquake: Evidence of a Restless Planet 2023-11-03 20:03:44.626339+00:00", "action_flag": 1, "change_message": "[{\"added\": {}}]"}}, {"model": "admin.logentry", "pk": 63, "fields": {"action_time": "2023-11-03T20:03:53.684Z", "user": 1, "content_type": 9, "object_id": "6", "object_repr": "Enigma 2023-11-03 20:03:53.683490+00:00", "action_flag": 1, "change_message": "[{\"added\": {}}]"}}, {"model": "admin.logentry", "pk": 64, "fields": {"action_time": "2023-11-03T20:04:00.554Z", "user": 1, "content_type": 9, "object_id": "7", "object_repr": "Fragile Planet 2023-11-03 20:04:00.553362+00:00", "action_flag": 1, "change_message": "[{\"added\": {}}]"}}, {"model": "admin.logentry", "pk": 65, "fields": {"action_time": "2023-11-03T20:04:06.476Z", "user": 1, "content_type": 9, "object_id": "8", "object_repr": "Pursuing the Dwarfs 2023-11-03 20:04:06.474614+00:00", "action_flag": 1, "change_message": "[{\"added\": {}}]"}}, {"model": "admin.logentry", "pk": 66, "fields": {"action_time": "2023-11-03T20:04:12.103Z", "user": 1, "content_type": 9, "object_id": "9", "object_repr": "The Hot and Energetic Universe 2023-11-03 20:04:12.102328+00:00", "action_flag": 1, "change_message": "[{\"added\": {}}]"}}, {"model": "admin.logentry", "pk": 67, "fields": {"action_time": "2023-11-03T20:05:23.465Z", "user": 1, "content_type": 12, "object_id": "4", "object_repr": "o_ksandr@dot.com", "action_flag": 1, "change_message": "[{\"added\": {}}]"}}, {"model": "admin.logentry", "pk": 68, "fields": {"action_time": "2023-11-03T20:05:27.059Z", "user": 1, "content_type": 8, "object_id": "4", "object_repr": "2023-11-03 20:05:27.057847+00:00", "action_flag": 1, "change_message": "[{\"added\": {}}]"}}, {"model": "admin.logentry", "pk": 69, "fields": {"action_time": "2023-11-03T20:05:27.292Z", "user": 1, "content_type": 8, "object_id": "5", "object_repr": "2023-11-03 20:05:27.291376+00:00", "action_flag": 1, "change_message": "[{\"added\": {}}]"}}, {"model": "admin.logentry", "pk": 70, "fields": {"action_time": "2023-11-03T20:06:00.257Z", "user": 1, "content_type": 8, "object_id": "4", "object_repr": "2023-11-03 20:05:27.057847+00:00", "action_flag": 3, "change_message": ""}}, {"model": "admin.logentry", "pk": 71, "fields": {"action_time": "2023-11-03T20:06:33.220Z", "user": 1, "content_type": 12, "object_id": "5", "object_repr": "o.segiy@dot.com", "action_flag": 1, "change_message": "[{\"added\": {}}]"}}, {"model": "admin.logentry", "pk": 72, "fields": {"action_time": "2023-11-03T20:06:35.780Z", "user": 1, "content_type": 8, "object_id": "6", "object_repr": "2023-11-03 20:06:35.778573+00:00", "action_flag": 1, "change_message": "[{\"added\": {}}]"}}, {"model": "admin.logentry", "pk": 73, "fields": {"action_time": "2023-11-03T20:07:20.970Z", "user": 1, "content_type": 12, "object_id": "6", "object_repr": "v_dymyr@dot.com", "action_flag": 1, "change_message": "[{\"added\": {}}]"}}, {"model": "admin.logentry", "pk": 74, "fields": {"action_time": "2023-11-03T20:07:23.093Z", "user": 1, "content_type": 8, "object_id": "7", "object_repr": "2023-11-03 20:07:23.091081+00:00", "action_flag": 1, "change_message": "[{\"added\": {}}]"}}, {"model": "admin.logentry", "pk": 75, "fields": {"action_time": "2023-11-03T20:07:58.534Z", "user": 1, "content_type": 11, "object_id": "1", "object_repr": "The Hot and Energetic Universe 2023-11-03 20:04:12.102328+00:00 (row: 1, seat: 2)", "action_flag": 1, "change_message": "[{\"added\": {}}]"}}, {"model": "admin.logentry", "pk": 76, "fields": {"action_time": "2023-11-03T20:08:09.034Z", "user": 1, "content_type": 11, "object_id": "2", "object_repr": "Pursuing the Dwarfs 2023-11-03 20:04:06.474614+00:00 (row: 2, seat: 3)", "action_flag": 1, "change_message": "[{\"added\": {}}]"}}, {"model": "admin.logentry", "pk": 77, "fields": {"action_time": "2023-11-03T20:08:17.988Z", "user": 1, "content_type": 11, "object_id": "3", "object_repr": "Fragile Planet 2023-11-03 20:04:00.553362+00:00 (row: 3, seat: 4)", "action_flag": 1, "change_message": "[{\"added\": {}}]"}}, {"model": "admin.logentry", "pk": 78, "fields": {"action_time": "2023-11-03T20:08:28.079Z", "user": 1, "content_type": 11, "object_id": "4", "object_repr": "Enigma 2023-11-03 20:03:53.683490+00:00 (row: 4, seat: 5)", "action_flag": 1, "change_message": "[{\"added\": {}}]"}}, {"model": "admin.logentry", "pk": 79, "fields": {"action_time": "2023-11-03T20:08:46.711Z", "user": 1, "content_type": 11, "object_id": "5", "object_repr": "Earthquake: Evidence of a Restless Planet 2023-11-03 20:03:44.626339+00:00 (row: 5, seat: 6)", "action_flag": 1, "change_message": "[{\"added\": {}}]"}}, {"model": "admin.logentry", "pk": 80, "fields": {"action_time": "2023-11-03T21:45:39.000Z", "user": 1, "content_type": 8, "object_id": "2", "object_repr": "2023-11-03 19:58:25.591827+00:00", "action_flag": 2, "change_message": "[]"}}, {"model": "admin.logentry", "pk": 81, "fields": {"action_time": "2023-11-03T21:45:42.496Z", "user": 1, "content_type": 8, "object_id": "6", "object_repr": "2023-11-03 20:06:35.778573+00:00", "action_flag": 2, "change_message": "[]"}}, {"model": "admin.logentry", "pk": 82, "fields": {"action_time": "2023-11-03T21:45:45.047Z", "user": 1, "content_type": 8, "object_id": "7", "object_repr": "2023-11-03 20:07:23.091081+00:00", "action_flag": 2, "change_message": "[]"}}, {"model": "admin.logentry", "pk": 83, "fields": {"action_time": "2023-11-03T21:45:47.960Z", "user": 1, "content_type": 8, "object_id": "2", "object_repr": "2023-11-03 19:58:25.591827+00:00", "action_flag": 2, "change_message": "[]"}}, {"model": "admin.logentry", "pk": 84, "fields": {"action_time": "2023-11-05T13:43:32.908Z", "user": 1, "content_type": 6, "object_id": "7", "object_repr": "8 Scoops of the Milky Way", "action_flag": 2, "change_message": "[{\"changed\": {\"fields\": [\"Image\"]}}]"}}, {"model": "admin.logentry", "pk": 85, "fields": {"action_time": "2023-11-05T14:48:32.658Z", "user": 1, "content_type": 6, "object_id": "7", "object_repr": "8 Scoops of the Milky Way", "action_flag": 2, "change_message": "[{\"changed\": {\"fields\": [\"Show theme\", \"Duration\"]}}]"}}, {"model": "admin.logentry", "pk": 86, "fields": {"action_time": "2023-11-05T15:18:17.613Z", "user": 1, "content_type": 6, "object_id": "7", "object_repr": "8 Scoops of the Milky Way", "action_flag": 2, "change_message": "[{\"changed\": {\"fields\": [\"Show theme\"]}}]"}}, {"model": "admin.logentry", "pk": 87, "fields": {"action_time": "2023-11-05T15:18:30.271Z", "user": 1, "content_type": 6, "object_id": "6", "object_repr": "Constellations! Adventures Connecting Earth & Sky", "action_flag": 2, "change_message": "[{\"changed\": {\"fields\": [\"Show theme\"]}}]"}}, {"model": "admin.logentry", "pk": 88, "fields": {"action_time": "2023-11-05T15:18:43.347Z", "user": 1, "content_type": 6, "object_id": "5", "object_repr": "Cosmic Recipe: Setting the Periodic Table", "action_flag": 2, "change_message": "[{\"changed\": {\"fields\": [\"Show theme\"]}}]"}}, {"model": "admin.logentry", "pk": 89, "fields": {"action_time": "2023-11-05T15:18:58.231Z", "user": 1, "content_type": 6, "object_id": "4", "object_repr": "Earthquake: Evidence of a Restless Planet", "action_flag": 2, "change_message": "[{\"changed\": {\"fields\": [\"Show theme\"]}}]"}}, {"model": "admin.logentry", "pk": 90, "fields": {"action_time": "2023-11-05T15:19:31.231Z", "user": 1, "content_type": 6, "object_id": "8", "object_repr": "Enigma", "action_flag": 2, "change_message": "[{\"changed\": {\"fields\": [\"Show theme\"]}}]"}}, {"model": "admin.logentry", "pk": 91, "fields": {"action_time": "2023-11-05T15:19:42.267Z", "user": 1, "content_type": 6, "object_id": "3", "object_repr": "Fragile Planet", "action_flag": 2, "change_message": "[{\"changed\": {\"fields\": [\"Show theme\"]}}]"}}, {"model": "admin.logentry", "pk": 92, "fields": {"action_time": "2023-11-05T15:19:51.174Z", "user": 1, "content_type": 6, "object_id": "9", "object_repr": "Pursuing the Dwarfs", "action_flag": 2, "change_message": "[{\"changed\": {\"fields\": [\"Show theme\"]}}]"}}, {"model": "admin.logentry", "pk": 93, "fields": {"action_time": "2023-11-05T15:20:00.556Z", "user": 1, "content_type": 6, "object_id": "2", "object_repr": "The Hot and Energetic Universe", "action_flag": 2, "change_message": "[{\"changed\": {\"fields\": [\"Show theme\"]}}]"}}, {"model": "admin.logentry", "pk": 94, "fields": {"action_time": "2023-11-05T15:39:08.527Z", "user": 1, "content_type": 6, "object_id": "7", "object_repr": "8 Scoops of the Milky Way", "action_flag": 2, "change_message": "[{\"changed\": {\"fields\": [\"Image\"]}}]"}}, {"model": "auth.permission", "pk": 1, "fields": {"name": "Can add log entry", "content_type": 1, "codename": "add_logentry"}}, {"model": "auth.permission", "pk": 2, "fields": {"name": "Can change log entry", "content_type": 1, "codename": "change_logentry"}}, {"model": "auth.permission", "pk": 3, "fields": {"name": "Can delete log entry", "content_type": 1, "codename": "delete_logentry"}}, {"model": "auth.permission", "pk": 4, "fields": {"name": "Can view log entry", "content_type": 1, "codename": "view_logentry"}}, {"model": "auth.permission", "pk": 5, "fields": {"name": "Can add permission", "content_type": 2, "codename": "add_permission"}}, {"model": "auth.permission", "pk": 6, "fields": {"name": "Can change permission", "content_type": 2, "codename": "change_permission"}}, {"model": "auth.permission", "pk": 7, "fields": {"name": "Can delete permission", "content_type": 2, "codename": "delete_permission"}}, {"model": "auth.permission", "pk": 8, "fields": {"name": "Can view permission", "content_type": 2, "codename": "view_permission"}}, {"model": "auth.permission", "pk": 9, "fields": {"name": "Can add group", "content_type": 3, "codename": "add_group"}}, {"model": "auth.permission", "pk": 10, "fields": {"name": "Can change group", "content_type": 3, "codename": "change_group"}}, {"model": "auth.permission", "pk": 11, "fields": {"name": "Can delete group", "content_type": 3, "codename": "delete_group"}}, {"model": "auth.permission", "pk": 12, "fields": {"name": "Can view group", "content_type": 3, "codename": "view_group"}}, {"model": "auth.permission", "pk": 13, "fields": {"name": "Can add content type", "content_type": 4, "codename": "add_contenttype"}}, {"model": "auth.permission", "pk": 14, "fields": {"name": "Can change content type", "content_type": 4, "codename": "change_contenttype"}}, {"model": "auth.permission", "pk": 15, "fields": {"name": "Can delete content type", "content_type": 4, "codename": "delete_contenttype"}}, {"model": "auth.permission", "pk": 16, "fields": {"name": "Can view content type", "content_type": 4, "codename": "view_contenttype"}}, {"model": "auth.permission", "pk": 17, "fields": {"name": "Can add session", "content_type": 5, "codename": "add_session"}}, {"model": "auth.permission", "pk": 18, "fields": {"name": "Can change session", "content_type": 5, "codename": "change_session"}}, {"model": "auth.permission", "pk": 19, "fields": {"name": "Can delete session", "content_type": 5, "codename": "delete_session"}}, {"model": "auth.permission", "pk": 20, "fields": {"name": "Can view session", "content_type": 5, "codename": "view_session"}}, {"model": "auth.permission", "pk": 21, "fields": {"name": "Can add astronomy show", "content_type": 6, "codename": "add_astronomyshow"}}, {"model": "auth.permission", "pk": 22, "fields": {"name": "Can change astronomy show", "content_type": 6, "codename": "change_astronomyshow"}}, {"model": "auth.permission", "pk": 23, "fields": {"name": "Can delete astronomy show", "content_type": 6, "codename": "delete_astronomyshow"}}, {"model": "auth.permission", "pk": 24, "fields": {"name": "Can view astronomy show", "content_type": 6, "codename": "view_astronomyshow"}}, {"model": "auth.permission", "pk": 25, "fields": {"name": "Can add planetarium dome", "content_type": 7, "codename": "add_planetariumdome"}}, {"model": "auth.permission", "pk": 26, "fields": {"name": "Can change planetarium dome", "content_type": 7, "codename": "change_planetariumdome"}}, {"model": "auth.permission", "pk": 27, "fields": {"name": "Can delete planetarium dome", "content_type": 7, "codename": "delete_planetariumdome"}}, {"model": "auth.permission", "pk": 28, "fields": {"name": "Can view planetarium dome", "content_type": 7, "codename": "view_planetariumdome"}}, {"model": "auth.permission", "pk": 29, "fields": {"name": "Can add reservation", "content_type": 8, "codename": "add_reservation"}}, {"model": "auth.permission", "pk": 30, "fields": {"name": "Can change reservation", "content_type": 8, "codename": "change_reservation"}}, {"model": "auth.permission", "pk": 31, "fields": {"name": "Can delete reservation", "content_type": 8, "codename": "delete_reservation"}}, {"model": "auth.permission", "pk": 32, "fields": {"name": "Can view reservation", "content_type": 8, "codename": "view_reservation"}}, {"model": "auth.permission", "pk": 33, "fields": {"name": "Can add show session", "content_type": 9, "codename": "add_showsession"}}, {"model": "auth.permission", "pk": 34, "fields": {"name": "Can change show session", "content_type": 9, "codename": "change_showsession"}}, {"model": "auth.permission", "pk": 35, "fields": {"name": "Can delete show session", "content_type": 9, "codename": "delete_showsession"}}, {"model": "auth.permission", "pk": 36, "fields": {"name": "Can view show session", "content_type": 9, "codename": "view_showsession"}}, {"model": "auth.permission", "pk": 37, "fields": {"name": "Can add show theme", "content_type": 10, "codename": "add_showtheme"}}, {"model": "auth.permission", "pk": 38, "fields": {"name": "Can change show theme", "content_type": 10, "codename": "change_showtheme"}}, {"model": "auth.permission", "pk": 39, "fields": {"name": "Can delete show theme", "content_type": 10, "codename": "delete_showtheme"}}, {"model": "auth.permission", "pk": 40, "fields": {"name": "Can view show theme", "content_type": 10, "codename": "view_showtheme"}}, {"model": "auth.permission", "pk": 41, "fields": {"name": "Can add ticket", "content_type": 11, "codename": "add_ticket"}}, {"model": "auth.permission", "pk": 42, "fields": {"name": "Can change ticket", "content_type": 11, "codename": "change_ticket"}}, {"model": "auth.permission", "pk": 43, "fields": {"name": "Can delete ticket", "content_type": 11, "codename": "delete_ticket"}}, {"model": "auth.permission", "pk": 44, "fields": {"name": "Can view ticket", "content_type": 11, "codename": "view_ticket"}}, {"model": "auth.permission", "pk": 45, "fields": {"name": "Can add user", "content_type": 12, "codename": "add_user"}}, {"model": "auth.permission", "pk": 46, "fields": {"name": "Can change user", "content_type": 12, "codename": "change_user"}}, {"model": "auth.permission", "pk": 47, "fields": {"name": "Can delete user", "content_type": 12, "codename": "delete_user"}}, {"model": "auth.permission", "pk": 48, "fields": {"name": "Can view user", "content_type": 12, "codename": "view_user"}}, {"model": "contenttypes.contenttype", "pk": 1, "fields": {"app_label": "admin", "model": "logentry"}}, {"model": "contenttypes.contenttype", "pk": 2, "fields": {"app_label": "auth", "model": "permission"}}, {"model": "contenttypes.contenttype", "pk": 3, "fields": {"app_label": "auth", "model": "group"}}, {"model": "contenttypes.contenttype", "pk": 4, "fields": {"app_label": "contenttypes", "model": "contenttype"}}, {"model": "contenttypes.contenttype", "pk": 5, "fields": {"app_label": "sessions", "model": "session"}}, {"model": "contenttypes.contenttype", "pk": 6, "fields": {"app_label": "planetarium", "model": "astronomyshow"}}, {"model": "contenttypes.contenttype", "pk": 7, "fields": {"app_label": "planetarium", "model": "planetariumdome"}}, {"model": "contenttypes.contenttype", "pk": 8, "fields": {"app_label": "planetarium", "model": "reservation"}}, {"model": "contenttypes.contenttype", "pk": 9, "fields": {"app_label": "planetarium", "model": "showsession"}}, {"model": "contenttypes.contenttype", "pk": 10, "fields": {"app_label": "planetarium", "model": "showtheme"}}, {"model": "contenttypes.contenttype", "pk": 11, "fields": {"app_label": "planetarium", "model": "ticket"}}, {"model": "contenttypes.contenttype", "pk": 12, "fields": {"app_label": "user", "model": "user"}}, {"model": "sessions.session", "pk": "pah4caeoow5j4d93t0t3spu5utf5xjxm", "fields": {"session_data": ".eJxVjDsOwjAQBe_iGllxsv5R0nMGa-1d4wCypTipEHeHSCmgfTPzXiLgtpawdV7CTOIslDj9bhHTg-sO6I711mRqdV3mKHdFHrTLayN-Xg7376BgL98aNcAY_aTJAhNEZo2Tih5VGpzPk1aGgJENjNllSs5qYlIDWAdGoRPvD-3MOAs:1qyzL0:zivD7wrtKvfcoltie1kQqi2jQc914cXk9ZWSGiFUk5I", "expire_date": "2023-11-17T18:56:10.293Z"}}, {"model": "planetarium.showtheme", "pk": 5, "fields": {"name": "Auroras"}}, {"model": "planetarium.showtheme", "pk": 6, "fields": {"name": "Asteroids"}}, {"model": "planetarium.showtheme", "pk": 7, "fields": {"name": "Black holes"}}, {"model": "planetarium.showtheme", "pk": 8, "fields": {"name": "Comets"}}, {"model": "planetarium.showtheme", "pk": 9, "fields": {"name": "Dwarf galaxies"}}, {"model": "planetarium.showtheme", "pk": 10, "fields": {"name": "Earth-size planets"}}, {"model": "planetarium.showtheme", "pk": 11, "fields": {"name": "Gravitational lensing"}}, {"model": "planetarium.showtheme", "pk": 12, "fields": {"name": "Mars water"}}, {"model": "planetarium.showtheme", "pk": 13, "fields": {"name": "Quasars"}}, {"model": "planetarium.astronomyshow", "pk": 2, "fields": {"title": "The Hot and Energetic Universe", "description": "Experience the natural phenomena of high energy astrophysics. This full dome film immerses viewers in real life imagery and visualizations of gaseous reactions within supernova remnants, galaxy clusters, neutron stars and supermassive blackholes. Observe the perpetual reactions and processes within the depths of the cosmos, helping shape our understanding of the universe.", "image": "", "show_theme": [10]}}, {"model": "planetarium.astronomyshow", "pk": 3, "fields": {"title": "Fragile Planet", "description": "In Fragile Planet, leave Earth behind as you fly to the farthest reaches of the Universe, traveling to the Moon, Mars, and even beyond the Milky Way\r\n\r\nFragile Planet gives audiences an astronaut’s view of Earth, highlighting Earths unique regions. The journey then continues to the Moon, Mars, and beyond the Milky Way to search for habitats that might host extraterrestrial life. The show’s theme — that Earth is the only known haven for life, and thus is important to protect echoes the themes of biodiversity and sustainability.\r\n\r\nThe visual foundation of the show lies in scientific visualization. From the high-resolution satellite imagery of Earth, the positions of galaxies more than 50 million light years distant, the three-dimensional terrain of Valles Marineris on Mars to the locations of extrasolar planetary systems in interstellar space, everything audiences will see in Fragile Planet has a basis in astronomers’ best understanding of the Universe.", "image": "", "show_theme": [13]}}, {"model": "planetarium.astronomyshow", "pk": 4, "fields": {"title": "Earthquake: Evidence of a Restless Planet", "description": "A sweeping geological journey, Earthquake explores the forces that transform the surface of our planet.\r\n\r\nTravel through space and time in a fulldome production that makes you look at Earth in a whole new way.\r\n\r\nA sweeping geological journey, Earthquake: Evidence of a Restless Planet explores the forces that transform the surface of our planet.\r\n\r\nFly along the San Andreas Fault before diving into the planet’s interior. Journey back in time to witness the 1906 San Francisco earthquake, and the break-up of Pangaea 200 million years ago. Visit the sites of historical earthquakes from the Mediterranean Sea to the Pacific Ocean.\r\n\r\nLearn how scientists and engineers collaborate to help society prepare for a safer environment — and a safer future. Data-driven visualizations illustrate Earth’s story, revealing how subtle motions and sudden ruptures have shaped our planet over eons — and how geological activity influences the course of human history.", "image": "uploads/astronomy_show/earthquake-evidence-of-a-restless-planet-06627f86-b7cf-44a5-8323-_T2uJA1z.jpg", "show_theme": [10]}}, {"model": "planetarium.astronomyshow", "pk": 5, "fields": {"title": "Cosmic Recipe: Setting the Periodic Table", "description": "A fulldome show about the cosmic recipes that created everything in our world – even us.\r\n\r\nThe famous astronomer Carl Sagan once said: “If you wish to make an apple pie from scratch, you must first invent the universe.”\r\n\r\nThough that may sound crazy, Sagan was onto something BIG! Want to know what? Pull up a chair at our Planetarium’s Periodic Table and learn the cosmic recipes that created everything in our world – even us! Discover how the Big Bang and the stars have cooked up the everyday elements we interact with every day—like the calcium in our teeth, the silicon in our smartphones, and even the carbon in our apple pies.\r\n\r\nExplore the world of chemistry—the protons, neutrons and electrons! See how tiny atoms relate to the mammoth stars! Connect the physical worlds of the small and large in this engaging and inspiring show. For planetariums and digital dome theatres.", "image": "", "show_theme": [8]}}, {"model": "planetarium.astronomyshow", "pk": 6, "fields": {"title": "Constellations! Adventures Connecting Earth & Sky", "description": "Connect to the stars in this great new planetarium show. Explore explore the universe and travel the world. Oh, and learn all about \"pareidolia!\"", "image": "", "show_theme": [6]}}, {"model": "planetarium.astronomyshow", "pk": 7, "fields": {"title": "8 Scoops of the Milky Way", "description": "These Planets are so different from each other that they hardly can be called from one family yet they create a perfect harmony.\r\n\r\nWe’ve used the same harmony to create the show. From the Burning Sun, Lava filled surface of Venus to the huge stormy belts of Jupiter or the unimaginably beautiful eclipse of Saturn, this show is full of never seen footages meant for Dome theatres. Feel the uniqueness and beauty of our Solar system in “8 Scoops of Milky way”", "image": "uploads/astronomy_show/8-scoops-of-the-milky-way-a150d135-1480-4cde-a632-5bea9704ad86.jpg", "show_theme": [5]}}, {"model": "planetarium.astronomyshow", "pk": 8, "fields": {"title": "Enigma", "description": "Fractals and kaleidoscope are the very deep routed math areas, which are used to define Nature in a simplest mathematical manner.\r\n\r\nEnigma is combination of these fractals and kaleidoscopic videos with a hearty touch of Music. These videos are specially designed to give a sense of warmth and calmness to our puzzled minds.\r\n\r\nWithout any narration, just with the help of Music and beautiful colors & patterns, this show will go deep in your heart.\r\n\r\nSit back in your recliner and enjoy Enigma in your Full Dome theatre. Suitable for our MEDITATION & YOGA IMMERSIVE ENVIRONMENTS as well.", "image": "", "show_theme": [11]}}, {"model": "planetarium.astronomyshow", "pk": 9, "fields": {"title": "Pursuing the Dwarfs", "description": "Dwarf planets are the worlds too small to be considered as full-fledged planets, but large enough to be classified as Asteroids.\r\nThese are the Ancient Relics of our Solar System.\r\nThey were born the same way as our Eight Planets, but somehow along the way, they stopped developing further.\r\nThese Embryonic Planets holds the key to the secrets of Planetary Evolution.\r\nToday 5 small bodies fits the category of Dwarf Planets, but there are more waiting to join the list.\r\nOur advanced probes like 'New Horizon' and 'Dawn' are seeking the unknown.\r\nLets take a glimpse of the wee class of Dwarf Planets in our Full Dome Show 'Pursuing the Dwarfs'", "image": "", "show_theme": [7]}}, {"model": "planetarium.planetariumdome", "pk": 9, "fields": {"name": "Oleksandr", "rows": 2, "seats_in_row": 5}}, {"model": "planetarium.planetariumdome", "pk": 10, "fields": {"name": "Oleksiy", "rows": 7, "seats_in_row": 1}}, {"model": "planetarium.planetariumdome", "pk": 11, "fields": {"name": "Olena", "rows": 9, "seats_in_row": 15}}, {"model": "planetarium.planetariumdome", "pk": 12, "fields": {"name": "Andriy", "rows": 7, "seats_in_row": 23}}, {"model": "planetarium.planetariumdome", "pk": 13, "fields": {"name": "Mykola", "rows": 4, "seats_in_row": 6}}, {"model": "planetarium.planetariumdome", "pk": 14, "fields": {"name": "Valeriya", "rows": 7, "seats_in_row": 9}}, {"model": "planetarium.planetariumdome", "pk": 15, "fields": {"name": "Volodymyr", "rows": 3, "seats_in_row": 4}}, {"model": "planetarium.planetariumdome", "pk": 16, "fields": {"name": "Valentyn", "rows": 1, "seats_in_row": 3}}, {"model": "planetarium.showsession", "pk": 2, "fields": {"astronomy_show": 7, "planetarium_dome": 9, "show_time": "2023-11-03T20:03:26.507Z"}}, {"model": "planetarium.showsession", "pk": 3, "fields": {"astronomy_show": 6, "planetarium_dome": 10, "show_time": "2023-11-03T20:03:32.328Z"}}, {"model": "planetarium.showsession", "pk": 4, "fields": {"astronomy_show": 5, "planetarium_dome": 11, "show_time": "2023-11-03T20:03:37.791Z"}}, {"model": "planetarium.showsession", "pk": 5, "fields": {"astronomy_show": 4, "planetarium_dome": 12, "show_time": "2023-11-03T20:03:44.626Z"}}, {"model": "planetarium.showsession", "pk": 6, "fields": {"astronomy_show": 8, "planetarium_dome": 13, "show_time": "2023-11-03T20:03:53.683Z"}}, {"model": "planetarium.showsession", "pk": 7, "fields": {"astronomy_show": 3, "planetarium_dome": 14, "show_time": "2023-11-03T20:04:00.553Z"}}, {"model": "planetarium.showsession", "pk": 8, "fields": {"astronomy_show": 9, "planetarium_dome": 15, "show_time": "2023-11-03T20:04:06.474Z"}}, {"model": "planetarium.showsession", "pk": 9, "fields": {"astronomy_show": 2, "planetarium_dome": 16, "show_time": "2023-11-03T20:04:12.102Z"}}, {"model": "planetarium.reservation", "pk": 1, "fields": {"created_at": "2023-11-03T19:56:35.804Z", "user": 1}}, {"model": "planetarium.reservation", "pk": 2, "fields": {"created_at": "2023-11-03T19:58:25.591Z", "user": 2}}, {"model": "planetarium.reservation", "pk": 3, "fields": {"created_at": "2023-11-03T19:58:29.116Z", "user": 3}}, {"model": "planetarium.reservation", "pk": 5, "fields": {"created_at": "2023-11-03T20:05:27.291Z", "user": 4}}, {"model": "planetarium.reservation", "pk": 6, "fields": {"created_at": "2023-11-03T20:06:35.778Z", "user": 5}}, {"model": "planetarium.reservation", "pk": 7, "fields": {"created_at": "2023-11-03T20:07:23.091Z", "user": 6}}, {"model": "planetarium.ticket", "pk": 1, "fields": {"row": 1, "seat": 2, "show_session": 9, "reservation": 7}}, {"model": "planetarium.ticket", "pk": 2, "fields": {"row": 2, "seat": 3, "show_session": 8, "reservation": 6}}, {"model": "planetarium.ticket", "pk": 3, "fields": {"row": 3, "seat": 4, "show_session": 7, "reservation": 5}}, {"model": "planetarium.ticket", "pk": 4, "fields": {"row": 4, "seat": 5, "show_session": 6, "reservation": 3}}, {"model": "planetarium.ticket", "pk": 5, "fields": {"row": 5, "seat": 6, "show_session": 5, "reservation": 2}}, {"model": "user.user", "pk": 1, "fields": {"password": "pbkdf2_sha256$600000$lMPXkmcwfSOqG7lRPOwvEJ$MEq2S9h5kMvfy4OKKGZcDwk3/1B1B1Qpxr1R5mhvPX0=", "last_login": "2023-11-03T18:56:10.074Z", "is_superuser": true, "first_name": "", "last_name": "", "is_staff": true, "is_active": true, "date_joined": "2023-11-03T18:52:54.231Z", "email": "admin@admin.com", "groups": [], "user_permissions": []}}, {"model": "user.user", "pk": 2, "fields": {"password": "pbkdf2_sha256$600000$yGOP2CWdFGyAdEqw6vZdFC$Km4D1h7rn1PLfzhTvhmcKawjZW1BYRYtxw/MGABkuOQ=", "last_login": null, "is_superuser": false, "first_name": "", "last_name": "", "is_staff": false, "is_active": true, "date_joined": "2023-11-03T19:57:22.069Z", "email": "newadmin@newadmin.com", "groups": [], "user_permissions": []}}, {"model": "user.user", "pk": 3, "fields": {"password": "pbkdf2_sha256$600000$mOBi1vReqbv1XA19mrUVW8$hbrS4Gs+UNh2NnpCwh0UYm4EPWf/QTKyJnl6zwqAtbE=", "last_login": null, "is_superuser": false, "first_name": "", "last_name": "", "is_staff": false, "is_active": true, "date_joined": "2023-11-03T19:58:19.220Z", "email": "user@user.com", "groups": [], "user_permissions": []}}, {"model": "user.user", "pk": 4, "fields": {"password": "pbkdf2_sha256$600000$sTOIM8vDfRPqppIF4n2nOa$hDdaSdVTl8sLmnLceYkWKX5msFeTF1ozoshQpBiFlcA=", "last_login": null, "is_superuser": false, "first_name": "", "last_name": "", "is_staff": false, "is_active": true, "date_joined": "2023-11-03T20:05:22.747Z", "email": "o_ksandr@dot.com", "groups": [], "user_permissions": []}}, {"model": "user.user", "pk": 5, "fields": {"password": "pbkdf2_sha256$600000$q9AcDEla8zVs16ioLpa7rQ$Fn/4m1cO1uesEpxkmlwDEWrJ9M+346VTpwQ0R6Qestk=", "last_login": null, "is_superuser": false, "first_name": "", "last_name": "", "is_staff": false, "is_active": true, "date_joined": "2023-11-03T20:06:32.523Z", "email": "o.segiy@dot.com", "groups": [], "user_permissions": []}}, {"model": "user.user", "pk": 6, "fields": {"password": "pbkdf2_sha256$600000$qAuNp7X1FCaWVKOI1EJJ6S$7Ee1WWQgK93eqQJEmj8jG3HWNaulG7UoJs0abp1wt7Q=", "last_login": null, "is_superuser": false, "first_name": "", "last_name": "", "is_staff": false, "is_active": true, "date_joined": "2023-11-03T20:07:20.281Z", "email": "v_dymyr@dot.com", "groups": [], "user_permissions": []}}]